# ************************************************************
# Sequel Pro SQL dump
# Version 4135
#
# http://www.sequelpro.com/
# http://code.google.com/p/sequel-pro/
#
# Host: localhost (MySQL 5.5.38)
# Database: PantryQuest
# Generation Time: 2014-10-23 16:00:09 +0000
# ************************************************************


/*!40101 SET @OLD_CHARACTER_SET_CLIENT=@@CHARACTER_SET_CLIENT */;
/*!40101 SET @OLD_CHARACTER_SET_RESULTS=@@CHARACTER_SET_RESULTS */;
/*!40101 SET @OLD_COLLATION_CONNECTION=@@COLLATION_CONNECTION */;
/*!40101 SET NAMES utf8 */;
/*!40014 SET @OLD_FOREIGN_KEY_CHECKS=@@FOREIGN_KEY_CHECKS, FOREIGN_KEY_CHECKS=0 */;
/*!40101 SET @OLD_SQL_MODE=@@SQL_MODE, SQL_MODE='NO_AUTO_VALUE_ON_ZERO' */;
/*!40111 SET @OLD_SQL_NOTES=@@SQL_NOTES, SQL_NOTES=0 */;
DROP DATABASE IF EXISTS PantryQuest;
CREATE DATABASE PantryQuest;
USE PantryQuest;

# Dump of table filter
# ------------------------------------------------------------

DROP TABLE IF EXISTS `filter`;

CREATE TABLE `filter` (
  `filterID` int(11) unsigned NOT NULL,
  `method` varchar(30) DEFAULT NULL,
  `glutenFree` tinyint(1) DEFAULT NULL,
  `vegetarian` tinyint(1) DEFAULT NULL,
  `vegan` tinyint(1) DEFAULT NULL,
  `noNuts` tinyint(1) DEFAULT NULL,
  `lactoseFree` tinyint(1) DEFAULT NULL,
    `calories` int(11) DEFAULT NULL,
  PRIMARY KEY (`filterID`),
  CONSTRAINT `recipeID` FOREIGN KEY (`filterID`) REFERENCES `recipe` (`recipeID`)
) ENGINE=InnoDB DEFAULT CHARSET=latin1;

LOCK TABLES `filter` WRITE;
/*!40000 ALTER TABLE `filter` DISABLE KEYS */;

INSERT INTO `filter` (`filterID`, `method`, `glutenFree`, `vegetarian`, `vegan`, `noNuts`, `lactoseFree`)
VALUES
	(1,'oven',0,1,0,1,0);

/*!40000 ALTER TABLE `filter` ENABLE KEYS */;
UNLOCK TABLES;

DROP TABLE IF EXISTS `results`;

CREATE TABLE `results` (
  `recipeID` int(11) unsigned NOT NULL,
  `rankingPoints` float DEFAULT NULL,
  `ranking` float DEFAULT NULL,
  PRIMARY KEY (`recipeID`),
  CONSTRAINT `RecipeIDFK` FOREIGN KEY (`recipeID`) REFERENCES `recipe` (`recipeID`)
) ENGINE=InnoDB DEFAULT CHARSET=latin1;

LOCK TABLES `results` WRITE;
# Dump of table ingredient
# ------------------------------------------------------------

UNLOCK TABLES;

DROP TABLE IF EXISTS `ingredient`;

CREATE TABLE `ingredient` (
  `foodName` varchar(30) DEFAULT NULL,
  KEY `foodName` (`foodName`)
) ENGINE=InnoDB DEFAULT CHARSET=latin1;

LOCK TABLES `ingredient` WRITE;
/*!40000 ALTER TABLE `ingredient` DISABLE KEYS */;

INSERT INTO `ingredient` (`foodName`)
VALUES
	('all-purpose flour'),
	('almond essence'),
	('amaretti'),
	('anchovy'),
	('anise'),
	('apple juice'),
	('artichoke'),
	('artichoke'),
	('artichoke heart'),
	('asparagus'),
	('asparagus spear'),
	('aubergine'),
	('avocado'),
	('bacon'),
	('baguette'),
	('baked beans'),
	('baking soda'),
	('baking powder'),
	('balsamic vinegar'),
	('bamboo'),
	('banana'),
	('bap'),
	('basil'),
	('bay leaf'),
	('bay leaves'),
	('bbq sauce'),
	('bean'),
	('beef'),
	('beef brisket'),
	('beef mince'),
	('beef stock'),
	('bell pepper'),
	('berries'),
	('berry'),
	('bicarbonate of soda'),
	('biscuit'),
	('biscuit'),
	('black olive'),
	('black pepper'),
	('black-eyed peas'),
	('blueberries'),
	('blueberry'),
	('bonnet chilli'),
	('bouillon'),
	('bourbon'),
	('braising steak'),
	('bran'),
	('brandy'),
	('bread'),
	('breadcrumbs'),
	('brie'),
	('brine'),
	('broccoli'),
	('brown rice'),
	('brown sauce'),
	('brown sugar'),
	('buckwheat'),
	('buffalo'),
	('bun'),
	('butter'),
	('butter'),
	('buttermilk'),
	('butternut'),
	('butternut squash'),
	('butterscotch'),
	('cabbage'),
	('cake'),
	('candies'),
	('candy'),
	('cannellini'),
	('canola oil'),
	('caper'),
	('caramel'),
	('caraway seed'),
	('cardamom'),
	('carrot'),
	('cashew'),
	('caster sugar'),
	('cayenne pepper'),
	('celeriac'),
	('celery'),
	('cereal'),
	('champagne'),
	('chard'),
	('cheddar cheese'),
	('cheese'),
	('cherries'),
	('cherry'),
	('cherry tomato'),
	('chestnut'),
	('chicken'),
	('chicken'),
	('chicken breast'),
	('chicken drumstick'),
	('chicken leg'),
	('chicken stock'),
	('chicken thigh'),
	('chickpea'),
	('chicory'),
	('chile'),
	('chilli'),
	('chillies'),
	('chip'),
	('chipotle'),
	('chive'),
	('chive'),
	('chocolate'),
	('chop'),
	('choy'),
	('corn husk'),
	('chutney'),
	('ciabatta'),
	('cider'),
	('cinnamon'),
	('clam'),
	('clarified butter'),
	('clove'),
	('cocoa'),
	('coconut'),
	('coconut milk'),
	('cod'),
	('coffee'),
	('coleslaw'),
	('condensed milk'),
	('coriander'),
	('coriander leaves'),
	('corn'),
	('cornflour'),
	('cornmeal'),
	('courgette'),
	('couscous'),
	('cranberries'),
	('cranberry'),
	('cranberry juice'),
	('cream'),
	('creme de cassis'),
	('crisp'),
	('crﾏme fraiche'),
	('crust'),
	('cucumber'),
	('cumin'),
	('custard'),
	('dijon mustard'),
	('dill'),
	('double cream'),
	('duck'),
	('edamame'),
	('egg'),
	('espresso'),
	('fennel'),
	('feta'),
	('fig'),
	('fillet steak'),
	('filo pastry'),
	('fish'),
	('flank'),
	('flour'),
	('flour'),
	('focaccia'),
	('foie gras'),
	('fruit'),
	('fudge'),
	('garam masala'),
	('garlic'),
	('gelatine'),
	('gin'),
	('ginger'),
	('glucose'),
	('masa harina'),
	('goat cheese'),
	('golden syrup'),
	('gorgonzola'),
	('gouda'),
	('grape'),
	('grape'),
	('grapefruit'),
	('grapeseed'),
	('greek yoghurt'),
	('green'),
	('green olive'),
	('green pepper'),
	('gruyere'),
	('gruyere cheese'),
	('habanero sauce'),
	('haddock'),
	('ham'),
	('harissa'),
	('herbs'),
	('hoisin'),
	('hoisin sauce'),
	('honey'),
	('honeydew melon'),
	('horseradish'),
	('iceberg lettuce'),
	('icing sugar'),
	('jalapeno pepper'),
	('juice'),
	('julienne'),
	('kalamata olives'),
	('ketchup'),
	('kidney bean'),
	('lager'),
	('lamb'),
	('lard'),
	('lardons'),
	('lasagne'),
	('lavender'),
	('leek'),
	('lemon'),
	('lemongrass'),
	('lentil'),
	('lettuce'),
	('lime'),
	('limoncello'),
	('lobster'),
	('loin'),
	('lychee'),
	('macadamia nut'),
	('malt'),
	('mangetout'),
	('mango'),
	('mangoes'),
	('maple syrup'),
	('marinara'),
	('marshmallow'),
	('marzano'),
	('mascarpone'),
	('mayonnaise'),
	('meat'),
	('melon'),
	('milk'),
	('mince'),
	('mint'),
	('miso soup'),
	('molasses'),
	('monterey jack'),
	('mozzarella'),
	('mushroom'),
	('mustard'),
	('natural yoghurt'),
	('new potato'),
	('noodle'),
	('nut'),
	('nutella'),
	('nutmeg'),
	('oat'),
	('oil'),
	('okra'),
	('olive'),
	('olive oil'),
	('onion'),
	('onion ring'),
	('orange'),
	('orange essence'),
	('orange juice'),
	('oregano'),
	('oyster'),
	('pak choi'),
	('pancetta'),
	('panko'),
	('papaya'),
	('paprika'),
	('parma ham'),
	('parmesan'),
	('parmigiano'),
	('parmigiano-reggiano'),
	('parsley'),
	('parsnip'),
	('passion fruit'),
	('pasta'),
	('Pasta shell'),
	('pastry'),
	('pea'),
	('pea'),
	('peach'),
	('peaches'),
	('peanut'),
	('peanut'),
	('pear'),
	('pecan'),
	('pecorino'),
	('penne'),
	('penne pasta'),
	('pepper'),
	('peppercorn'),
	('peppers'),
	('pesto'),
	('pickle'),
	('pickled gherkin'),
	('pickled onion'),
	('pickled red onion'),
	('pie'),
	('pimento pepper'),
	('pine nut'),
	('pineapple'),
	('pistachio'),
	('pita'),
	('pitta'),
	('pitted olive'),
	('pizza'),
	('plantain'),
	('plum'),
	('plum tomato'),
	('plum tomatoes'),
	('poblano'),
	('pod'),
	('polenta'),
	('pomegranate'),
	('popcorn'),
	('pork'),
	('Pork chop'),
	('porridge'),
	('potato'),
	('potatoes'),
	('prawn'),
	('prosciutto'),
	('prosciutto ham'),
	('provolone'),
	('pumpkin'),
	('quail'),
	('radicchio'),
	('radish'),
	('radishes'),
	('rapeseed oil'),
	('raspberries'),
	('raspberry'),
	('onion'),
	('red chile sauce'),
	('red onion'),
	('red pepper'),
	('red wine vinegar'),
	('relish'),
	('rhubarb'),
	('rib'),
	('rice'),
	('ricotta'),
	('rocket'),
	('roll'),
	('rose'),
	('rosemary'),
	('russet'),
	('saffron'),
	('sage'),
	('sake'),
	('salad'),
	('salami'),
	('salmon'),
	('salmon flake'),
	('salsa'),
	('salt'),
	('sauce'),
	('sausage'),
	('savoy cabbage'),
	('scallop'),
	('schnapps'),
	('self raising flour'),
	('semolina'),
	('serrano ham'),
	('shallot'),
	('shaohsing'),
	('sherry'),
	('shiitake'),
	('shiitake mushroom'),
	('shortcrust pastry'),
	('shortening'),
	('single cream'),
	('sirloin'),
	('sirloin steak'),
	('slaw'),
	('smoky bacon'),
	('snapper'),
	('sour cream'),
	('sourdough'),
	('soy sauce'),
	('spaghetti'),
	('spice'),
	('spinach'),
	('sponge'),
	('spring onion'),
	('sprout'),
	('squash'),
	('squid'),
	('sriracha'),
	('steak'),
	('stock'),
	('stout'),
	('strawberries'),
	('strawberry'),
	('stuffing'),
	('sugar'),
	('sugar'),
	('sultana'),
	('sun-dried tomato'),
	('sunflower oil'),
	('sweet pepper'),
	('sweetcorn'),
	('sweets'),
	('swordfish'),
	('tangerine'),
	('tapioca'),
	('tarragon'),
	('tartar'),
	('tea'),
	('tequila'),
	('thyme'),
	('toast'),
	('toffee'),
	('tofu'),
	('tomatillos'),
	('tomato'),
	('tomato puree'),
	('tomatoes'),
	('tortilla'),
	('treacle'),
	('tuna'),
	('tuna steak'),
	('turkey'),
	('turkey breast'),
	('turkey thigh'),
	('turmeric'),
	('turnip'),
	('vanilla'),
	('vanilla essence'),
	('vanilla pod'),
	('veal'),
	('vegetable oil'),
	('vermouth'),
	('vinaigrette'),
	('vinegar'),
	('vodka'),
	('waffle'),
	('walnut'),
	('watercress'),
	('watermelon'),
	('white rice'),
	('white wine vinegar'),
	('wholegrain pasta'),
	('wine'),
	('worcestershire sauce'),
	('yeast'),
	('yellow pepper'),
	('yoghurt'),
	('yogurt');

/*!40000 ALTER TABLE `ingredient` ENABLE KEYS */;
UNLOCK TABLES;


# Dump of table recipe
# ------------------------------------------------------------

DROP TABLE IF EXISTS `recipe`;

CREATE TABLE `recipe` (
  `recipeID` int(11) unsigned NOT NULL AUTO_INCREMENT,
  `recipeName` varchar(30) DEFAULT NULL,
  `instruction` varchar(5000) DEFAULT NULL,
  `time` int(11) DEFAULT NULL,
  `numberOfIngredients` int(11) DEFAULT NULL,
  `ranking` float DEFAULT NULL,
  PRIMARY KEY (`recipeID`)
) ENGINE=InnoDB DEFAULT CHARSET=latin1;

LOCK TABLES `recipe` WRITE;
/*!40000 ALTER TABLE `recipe` DISABLE KEYS */;
INSERT INTO `recipe` (`recipeID`, `recipeName`, `instruction`, `time`, `numberOfIngredients`, `ranking`) VALUES
(1, 'Carrot Cake', 'In a mixing bowl, mix sugar, vegetable oil, and eggs. In another bowl, sift together flour, baking soda, salt, and cinnamon. Fold dry ingredients into wet mixture and blend well. Fold in carrots and chopped nuts until well blended. Distribute batter evenly into 3 (9-inch) cake layer pans, which have been generously greased. There will be approximately 1 pound 5 ounces of batter per pan. Place in preheated oven and bake for 50 to 60 minutes. Cool layers in pans, for approximately 1 hour. Store layers in pans, inverted, in closed cupboard to prevent drying. Layers must be a minimum of 1 day old.\n\nTo remove layers from baking pan, turn upside down, tap edge of pan on a hard surface. Center a 9-inch cake circle on top of revolving cake stand. Remove paper from bottom of layer cake. Place first layer, bottom side down, at center of cake stand. With a spatula, evenly spread approximately 3 1/2 ounces of frosting on the layer. Center second layer on top of first layer with topside down. Again with a spatula, evenly spread approximately 3 1/2 ounces of frosting on the layer. Center third layer on top of second layer with topside down. Using both hands, press firmly but gently, all layers together to get one firm cake. With spatula, spread remainder of frosting to cover top and sides of cake. Refrigerated until needed. Display on counter or cake stand with a plastic cover.', 95, 7, 4),
(2, 'Beef Burger', 'In a large bowl, mix ground beef, onion powder, salt and pepper until just combined. Do not overmix, or your patties will be tough.\nForm patties, without pressing too hard. They should be uniform in thickness. Smooth out any cracks using your fingers. Make these right before you grill them, so they stay at room temperature.\n\nPreheat your grill, grill pan or cast-iron skillet to high heat and add burger patties. If using a grill, cover with the lid.\n\nCook until the crust that forms on the bottom of the burger releases it from the pan or grate ? about 2 minutes. Gently test, but don''t flip it until it gets to this point. When burgers lift up easily, flip, add two slices of cheese to each, close lid if using a grill, and cook on the other side for another 2-3 minutes for medium to medium rare. \n\nRemove burgers with a sturdy metal spatula and transfer to a plate. Allow to rest for several minutes, then transfer to buns.\n\nGarnish as desired and serve immediately.', 25, 5, 5),
(3, 'Sun-dried Tomato Omelet', 'In a medium bowl, beat the eggs with a pinch each of salt and pepper.', 25, 5, 5),
(4, 'Stir-fried Egg and Tomato', 'Beat eggs with 1/2 teaspoon salt until smooth but not frothy.\n\nHeat 1 tablespoon oil in a 12-inch nonstick skillet over medium-high heat until hot. Add eggs and cook, undisturbed, just until a thin film of cooked egg forms on bottom of skillet but most of eggs are still runny, 5 to 10 seconds. Immediately scrape eggs into a bowl. Wipe out skillet.\n\nHeat remaining tablespoon oil in skillet over medium-high heat until hot. Add scallions and stir-fry until just softened, about 30 seconds. Add tomatoes and cook, stirring and turning occasionally, until juices are released and tomatoes are slightly wilted but still intact, 4 to 6 minutes. Sprinkle sugar and 1/4 teaspoon salt over tomatoes and stir to combine. Return eggs to skillet and cook, stirring occasionally, until eggs are just cooked through. Serve sprinkled with reserved scallion greens.', 15, 4, 4),
(5, 'Carrot, Potato, Cabbage Soup', 'Combine the carrots, potatoes, onion, cabbage, garlic, chicken stock, olive oil, thyme, basil, parsley, salt, and pepper in a stock pot over medium-high heat; bring to a simmer and cook until the carrots are tender, about 20 minutes. Transfer to a blender in small batches and blend until smooth.', 50, 10, 5),
(6, 'Caesar Salad', 'For the dressing: Place the anchovies into a blender or food processor. Throw in the Dijon mustard, vinegar, Worcestershire, garlic and lemon juice. Pulse the processor or blend on low speed for several seconds. Scrape down the sides.\n\nWith the food processor or blender on, drizzle the olive oil into the mixture in a small stream. Scrape down the sides. Add the Parmesan, salt and a generous grind of black pepper. Pulse the whole thing together and mix until thoroughly combined. Refrigerate the dressing for a few hours (it just gets better!) before using it on the salad.\n\nFor the croutons: Slice the bread into thick slices and cut them into 1-inch cubes. Throw them onto a baking sheet.\n\nHeat the olive oil in a small saucepan or skillet over low heat.\n\nCrush-but don''t chop-the garlic and add them to the oil. Use a spoon to move the garlic around in the pan. After 3 to 5 minutes, turn off the heat and remove the garlic from the pan.\n\nSlowly drizzle the olive oil over the bread cubes. Mix together with your hands, and then sprinkle lightly with salt. Toss and cook in the pan until golden brown and crisp. (Add a little butter for more flavor!)\n\nFor the salad: Wash and dry the hearts of romaine lettuce. Leave them whole. Use a vegetable peeler and shave off large, thin slices of Parmesan.\n\nDrizzle about half of the dressing over the top of the hearts. Throw in a good handful of the Parmesan shavings. Give it a good initial toss, just so you can evaluate how much more dressing you need.\n\nAdd more dressing and Parmesan to taste. Add the cooled croutons. Toss gently.', 20, 10, 5),
(7, 'Chicken-fried Chicken', 'Preheat the oven to 350 degrees F. Spray a baking sheet with nonstick cooking spray.\n\nMix together the flour and 1 teaspoon of the House Seasoning in a small bowl. Sprinkle the chicken with the remaining 1 teaspoon House Seasoning. Pour the buttermilk into a shallow dish. Dredge the chicken in the buttermilk, followed by the flour.\n\nHeat 2 tablespoons of the oil in a heavy nonstick skillet over medium-high heat. Add half of the chicken breasts to the hot oil and cook until both sides are browned, about 3 minutes per side, and then transfer to the baking sheet. Repeat with the remaining chicken breasts. Transfer the baking sheet to the oven and bake until the chicken is cooked through, about 10 minutes.\n\nWhisk together the cornstarch and 1/4 cup chicken broth until dissolved. Set aside.\n\nTo make the gravy , add the remaining 1 tablespoon oil to the same skillet and heat over medium heat. Add the onions and saute until translucent, about 2 minutes.\n\nAdd the remaining chicken broth, scrape the pan drippings with a wooden spoon, raise the heat to medium-high and cook until the mixture begins to bubble, about 2 minutes. Stir in the dissolved cornstarch to incorporate. Bring to a simmer and continue to cook until the mixture thickens, 4 to 5 minutes. Stir in the milk and black pepper and continue cooking over medium-high heat until thickened, 5 minutes longer.\n\nRemove the chicken from the oven and top each piece with 4 teaspoons of the gravy. Sprinkle with the chopped green onions.\n\nMix together the salt, garlic powder and pepper.', 45, 10, 5),
(8, 'Yogurt Parfait', 'Line up 4 parfait, white wine, or other tall glasses.\n\nSpoon 2 tablespoons of yogurt into each glass and smooth surface.\n\nSpoon 2 tablespoons of granola overtop and smooth surface.\n\nSpoon 2 tablespoons of fruit overtop and smooth surface.\n\nRepeat the process, adding a bit of honey here and there, to taste.\n\nRead more at: http://www.foodnetwork.com/recipes/granola-yogurt-berry-parfait-recipe.html?oc=linkback', 5, 4, 5),
(9, 'BLT', 'Cook the bacon in a large, deep skillet over medium-high heat until evenly browned, about 10 minutes. Drain the bacon slices on a paper towel-lined plate.\n\nArrange the cooked bacon, lettuce, and tomato slices on one slice of bread. Spread one side of remaining bread slice with the mayonnaise. Bring the two pieces together to make a sandwich.', 15, 5, 5),
(10, 'Grilled Cheese Sandwich', 'Preheat skillet over medium heat. Generously butter one side of a slice of bread. Place bread butter-side-down onto skillet bottom and add 1 slice of cheese. Butter a second slice of bread on one side and place butter-side-up on top of sandwich. Grill until lightly browned and flip over; continue grilling until cheese is melted. Repeat with remaining 2 slices of bread, butter and slice of cheese.', 20, 3, 5);

/*!40000 ALTER TABLE `recipe` ENABLE KEYS */;
UNLOCK TABLES;


# Dump of table recipeConnection
# ------------------------------------------------------------

DROP TABLE IF EXISTS `recipeConnection`;

CREATE TABLE `recipeConnection` (
  `recipeID` int(11) unsigned NOT NULL,
  `foodName` varchar(30) NOT NULL DEFAULT '',
    `value` float DEFAULT NULL,
  PRIMARY KEY (`recipeID`,`foodName`),
  KEY `foodName` (`foodName`),
  CONSTRAINT `name FK` FOREIGN KEY (`foodName`) REFERENCES `ingredient` (`foodName`) ON DELETE CASCADE ON UPDATE CASCADE
) ENGINE=InnoDB DEFAULT CHARSET=latin1;

LOCK TABLES `recipeConnection` WRITE;
/*!40000 ALTER TABLE `recipeConnection` DISABLE KEYS */;

INSERT INTO `recipeConnection` (`recipeID`, `foodName`, `value`) VALUES
(1, 'baking soda', 10),
(1, 'carrot', 10),
(1, 'cream cheese', 5),
(1, 'egg', 10),
(1, 'flour', 8),
(1, 'vegetable oil', 8),
(1, 'walnuts', 5),
(2, 'beef', 10),
(2, 'cheese', 5),
(2, 'lettuce', 5),
(2, 'tomato', 5),
(2, 'wheat bun', 7),
(3, 'bread', 2),
(3, 'egg', 10),
(3, 'feta cheese', 5),
(3, 'spinach', 5),
(3, 'tomato', 10),
(4, 'egg', 10),
(4, 'scallion', 5),
(4, 'tomato', 10),
(4, 'vegetable oil', 8),
(5, 'basil', 5),
(5, 'cabbage', 10),
(5, 'carrot', 10),
(5, 'chicken stock', 5),
(5, 'garlic', 2),
(5, 'olive oil', 8),
(5, 'onion', 5),
(5, 'parsley', 5),
(5, 'potato', 10),
(5, 'thyme', 5),
(6, 'anchovy', 5),
(6, 'bread', 8),
(6, 'dijon mustard', 5),
(6, 'garlic', 5),
(6, 'lemon', 5),
(6, 'olive oil', 10),
(6, 'parmesan cheese', 8),
(6, 'romaine lettuce', 10),
(6, 'vinegar', 8),
(6, 'Worcestershire sauce', 5),
(7, 'buttermilk', 8),
(7, 'chicken breast', 10),
(7, 'chicken broth', 8),
(7, 'cornstarch', 10),
(7, 'flour', 10),
(7, 'garlic', 5),
(7, 'green onion', 5),
(7, 'milk', 10),
(7, 'olive oil', 5),
(7, 'onion', 5),
(8, 'granola', 10),
(8, 'honey', 2),
(8, 'strawberry', 5),
(8, 'yogurt', 10),
(9, 'bacon', 10),
(9, 'bread', 10),
(9, 'lettuce', 10),
(9, 'mayonnaise', 5),
(9, 'tomato', 10),
(10, 'bread', 10),
(10, 'butter', 10),
(10, 'cheese', 10);

/*!40000 ALTER TABLE `recipeConnection` ENABLE KEYS */;
UNLOCK TABLES;



/*!40000 ALTER TABLE `results` DISABLE KEYS */;

/*!40111 SET SQL_NOTES=@OLD_SQL_NOTES */;
/*!40101 SET SQL_MODE=@OLD_SQL_MODE */;
/*!40014 SET FOREIGN_KEY_CHECKS=@OLD_FOREIGN_KEY_CHECKS */;
/*!40101 SET CHARACTER_SET_CLIENT=@OLD_CHARACTER_SET_CLIENT */;
/*!40101 SET CHARACTER_SET_RESULTS=@OLD_CHARACTER_SET_RESULTS */;
/*!40101 SET COLLATION_CONNECTION=@OLD_COLLATION_CONNECTION */;
